{"cameraMode":{"drawMode":0,"name":"Shaded","section":"Shading Mode"},"sceneLighting":true,"audioPlay":false,"sceneViewState":{"m_AlwaysRefresh":false,"showFog":true,"showSkybox":true,"showFlares":true,"showImageEffects":true,"showParticleSystems":true,"showVisualEffectGraphs":true,"m_FxEnabled":true},"in2DMode":false,"pivot":{"x":0.877812385559082,"y":0.9939932227134705,"z":-0.9051926732063294},"rotation":{"x":0.11102320998907089,"y":-0.7640573382377625,"z":0.13666492700576783,"w":0.6206650137901306},"size":13.687474250793457,"orthographic":true}